regime,regime_type,n_trades,win_rate,avg_pnl,median_pnl,total_pnl,std_pnl,best_trade,worst_trade,sharpe_per_trade
30+,VIX Level,2,50.0,0.6249999999999998,0.6249999999999998,1.2499999999999996,1.237436867076457,1.499999999999999,-0.24999999999999944,0.5050762722761056
20-25,VIX Level,2,50.0,0.22856823791282338,0.22856823791282338,0.45713647582564676,0.6767976925772916,0.7071364758256345,-0.2499999999999878,0.3377201790426028
15-20,VIX Level,12,33.33333333333333,0.05296977149969345,-0.24999999999999,0.6356372579963214,0.5182769468070201,1.23707129206845,-0.25000000000000056,0.1022036033553634
<15,VIX Level,4,0.0,-0.24999999999999223,-0.2499999999999918,-0.9999999999999689,2.369704229754143e-15,-0.24999999999998987,-0.24999999999999542,-105498398011438.64
