regime,regime_type,n_trades,win_rate,avg_pnl,median_pnl,total_pnl,std_pnl,best_trade,worst_trade,sharpe_per_trade
15-20,VIX Level,5,60.0,0.6014538066058408,0.4090717680322315,3.0072690330292042,0.9073084387518182,1.619152046783628,-0.24999999999999484,0.6628989447439276
20-25,VIX Level,4,50.0,0.34506737214720645,0.12447742315584572,1.3802694885888258,0.7359198360607129,1.3813146422771245,-0.2499999999999902,0.46889260927427784
25-30,VIX Level,1,0.0,-0.24999999999998837,-0.24999999999998837,-0.24999999999998837,,-0.24999999999998837,-0.24999999999998837,0.0
30+,VIX Level,2,0.0,-0.24999999999999817,-0.24999999999999817,-0.49999999999999634,3.3422138886441676e-16,-0.24999999999999792,-0.2499999999999984,-748007184248209.2
<15,VIX Level,2,0.0,-0.2571393261844983,-0.2571393261844983,-0.5142786523689966,0.010096531916326026,-0.24999999999999775,-0.26427865236899883,-25.46808431999365
