regime,regime_type,n_trades,win_rate,avg_pnl,median_pnl,total_pnl,std_pnl,best_trade,worst_trade,sharpe_per_trade
power_hour | VIX 15-20,Time of Day x VIX,1,100.0,1.4790452182133274,1.4790452182133274,1.4790452182133274,,1.4790452182133274,1.4790452182133274,0.0
midday | VIX 15-20,Time of Day x VIX,2,100.0,1.0141119074079297,1.0141119074079297,2.0282238148158593,0.8556559708852202,1.619152046783628,0.4090717680322315,1.1851865024196333
power_hour | VIX 20-25,Time of Day x VIX,2,50.0,0.641372166501121,0.641372166501121,1.282744333002242,1.0464366846183497,1.3813146422771245,-0.0985703092748825,0.61291062892643
afternoon | VIX 20-25,Time of Day x VIX,1,100.0,0.34752515558657393,0.34752515558657393,0.34752515558657393,,0.34752515558657393,0.34752515558657393,0.0
late_morning | VIX nan,Time of Day x VIX,1,100.0,0.11789063559066407,0.11789063559066407,0.11789063559066407,,0.11789063559066407,0.11789063559066407,0.0
power_hour | VIX nan,Time of Day x VIX,4,0.0,-0.24589959514228818,-0.24999999999999467,-0.9835983805691527,0.00820080971541741,-0.23359838056916205,-0.2500000000000013,-29.98479463314462
afternoon | VIX 15-20,Time of Day x VIX,1,0.0,-0.24999999999998773,-0.24999999999998773,-0.24999999999998773,,-0.24999999999998773,-0.24999999999998773,0.0
power_hour | VIX 25-30,Time of Day x VIX,1,0.0,-0.24999999999998837,-0.24999999999998837,-0.24999999999998837,,-0.24999999999998837,-0.24999999999998837,0.0
late_morning | VIX 20-25,Time of Day x VIX,1,0.0,-0.2499999999999902,-0.2499999999999902,-0.2499999999999902,,-0.2499999999999902,-0.2499999999999902,0.0
late_morning | VIX 15-20,Time of Day x VIX,1,0.0,-0.24999999999999484,-0.24999999999999484,-0.24999999999999484,,-0.24999999999999484,-0.24999999999999484,0.0
afternoon | VIX <15,Time of Day x VIX,1,0.0,-0.24999999999999775,-0.24999999999999775,-0.24999999999999775,,-0.24999999999999775,-0.24999999999999775,0.0
open_hour | VIX 30+,Time of Day x VIX,1,0.0,-0.24999999999999792,-0.24999999999999792,-0.24999999999999792,,-0.24999999999999792,-0.24999999999999792,0.0
midday | VIX 30+,Time of Day x VIX,1,0.0,-0.2499999999999984,-0.2499999999999984,-0.2499999999999984,,-0.2499999999999984,-0.2499999999999984,0.0
afternoon | VIX nan,Time of Day x VIX,1,0.0,-0.25000000000000155,-0.25000000000000155,-0.25000000000000155,,-0.25000000000000155,-0.25000000000000155,0.0
power_hour | VIX <15,Time of Day x VIX,1,0.0,-0.26427865236899883,-0.26427865236899883,-0.26427865236899883,,-0.26427865236899883,-0.26427865236899883,0.0
