{"Baseline (no filter)": {"count": 1511, "wr": 85.57246856386499, "sharpe": 3.3178496643825874, "losses": 218}, "CR \u2265 15%": {"count": 575, "wr": 91.65217391304348, "sharpe": 7.449692314336819, "losses": 48}, "CR \u2265 20%": {"count": 274, "wr": 95.62043795620438, "sharpe": 14.217600366264268, "losses": 12}, "Drop 0.40/0.30\u03b4": {"count": 637, "wr": 90.2668759811617, "sharpe": 3.653453034549278, "losses": 62}, "Bull Puts only": {"count": 936, "wr": 87.3931623931624, "sharpe": 4.158203022621429, "losses": 118}, "CR\u226515% + no 0.40/0.30\u03b4": {"count": 193, "wr": 96.37305699481865, "sharpe": 8.825475654260826, "losses": 7}, "CR\u226515% + VIX\u226015-20": {"count": 538, "wr": 92.00743494423791, "sharpe": 7.676072823785643, "losses": 43}}