{
  "spy_promoted": 17,
  "qqq_promoted": 87,
  "spy_best": {
    "ticker": "SPY",
    "dir": "below",
    "mult": 0.8,
    "stop": 0.75,
    "target": 0.1,
    "te": 15,
    "trail": null,
    "n": 48,
    "sharpe": 0.47200105867178455,
    "sortino": 0.5154725561282676,
    "wr": 77.08333333333334,
    "avg": 0.04740254808738505,
    "total": 2.2753223081944824,
    "mdd": -0.31475991902275524,
    "pf": 2.761437885775658,
    "avg_win": 0.0964071282858829,
    "avg_loss": -0.11743103985301673,
    "best": 0.09799999999999881,
    "worst": -0.2992326614280849,
    "neg_yr": 0,
    "train_sh": 0.45818887633290784,
    "test_sh": 0.48690983219572215,
    "train_n": 25,
    "test_n": 23,
    "wf": "PASS",
    "final_verdict": "PROMOTED"
  },
  "qqq_best": {
    "ticker": "QQQ",
    "dir": "below",
    "mult": 0.6,
    "stop": 1.0,
    "target": 0.3,
    "te": 15,
    "trail": null,
    "n": 108,
    "sharpe": 0.36300473145226936,
    "sortino": 0.4602405693589412,
    "wr": 71.29629629629629,
    "avg": 0.08746004670719275,
    "total": 9.445685044376816,
    "mdd": -1.3509869642566326,
    "pf": 2.3459613309336644,
    "avg_win": 0.21381147108134976,
    "avg_loss": -0.22638058802861666,
    "best": 0.2979999999999968,
    "worst": -0.6186419019316375,
    "neg_yr": 0,
    "train_sh": 0.20633952985794912,
    "test_sh": 0.5816289870301958,
    "train_n": 55,
    "test_n": 53,
    "wf": "PASS",
    "final_verdict": "PROMOTED"
  },
  "key_finding": "Stock mean reversion survives full gauntlet. QQQ > SPY. Buy dip below VWAP works. Quick scalps (0.1-0.3% target) with 5-15min exits."
}