{
  "above_0.5x": {
    "n_trades": 45.0,
    "win_rate": 71.11111111111111,
    "avg_pnl": 2.4327299705916823,
    "median_pnl": 0.6036217303822938,
    "total_pnl": 109.4728486766257,
    "expectancy": 2.4327299705916823,
    "profit_factor": 3.630353417243649,
    "max_drawdown_pct": -17.270316165123976,
    "avg_winner": 4.721622288510845,
    "avg_loser": -3.2014665042862585,
    "best_trade": 31.147540983606557,
    "worst_trade": -13.523131672597867,
    "avg_minutes_held": 58.6,
    "avg_credit": 0.1273333333333333,
    "avg_pnl_dollar": 0.07377777777777776,
    "avg_pnl_on_risk": 2.4327299705916823,
    "sharpe": 0.3305224389818408,
    "sortino": 0.5546393908364471,
    "short_delta": 0.25,
    "long_delta": 0.1,
    "spread_pair": "0.25/0.10",
    "profit_target": 1.0,
    "stop_loss": 2.0,
    "time_exit": "EOD",
    "spread_type": "bear_call_spread",
    "direction": "above",
    "atr_mult": 0.5,
    "score": 2.2172119249572675
  },
  "above_0.6x": {
    "n_trades": 37.0,
    "win_rate": 56.75675675675676,
    "avg_pnl": 0.7279017336220808,
    "median_pnl": 0.16778523489932884,
    "total_pnl": 26.932364144016987,
    "expectancy": 0.7279017336220808,
    "profit_factor": 2.158753382993381,
    "max_drawdown_pct": -8.219089980549104,
    "avg_winner": 2.389280832858076,
    "avg_loser": -1.787887180461739,
    "best_trade": 9.72222222222222,
    "worst_trade": -4.639175257731959,
    "avg_minutes_held": 3.6216216216216215,
    "avg_credit": 0.14513513513513512,
    "avg_pnl_dollar": 0.008445945945945946,
    "avg_pnl_on_risk": 0.7279017336220808,
    "sharpe": 0.23455477940629443,
    "sortino": 0.5336448550290086,
    "short_delta": 0.3,
    "long_delta": 0.2,
    "spread_pair": "0.30/0.20",
    "profit_target": 0.25,
    "stop_loss": 1.5,
    "time_exit": 5,
    "spread_type": "bear_call_spread",
    "direction": "above",
    "atr_mult": 0.6,
    "score": 1.4267410234749722
  },
  "above_0.7x": {
    "n_trades": 23.0,
    "win_rate": 65.21739130434783,
    "avg_pnl": 1.3064838984409135,
    "median_pnl": 0.2525252525252525,
    "total_pnl": 30.049129664141013,
    "expectancy": 1.3064838984409135,
    "profit_factor": 3.657583079206711,
    "max_drawdown_pct": -5.666572518005932,
    "avg_winner": 2.7570712417704977,
    "avg_loser": -1.6152769946309202,
    "best_trade": 9.72222222222222,
    "worst_trade": -4.639175257731959,
    "avg_minutes_held": 3.3043478260869565,
    "avg_credit": 0.18130434782608695,
    "avg_pnl_dollar": 0.019565217391304346,
    "avg_pnl_on_risk": 1.3064838984409135,
    "sharpe": 0.4011560514170958,
    "sortino": 0.8424538545680852,
    "short_delta": 0.3,
    "long_delta": 0.2,
    "spread_pair": "0.30/0.20",
    "profit_target": 0.25,
    "stop_loss": 1.5,
    "time_exit": 5,
    "spread_type": "bear_call_spread",
    "direction": "above",
    "atr_mult": 0.7,
    "score": 1.923876837153766
  }
}