{
  "below_0.5x": {
    "n_trades": 127.0,
    "win_rate": 79.52755905511812,
    "avg_pnl": 0.8122861380127946,
    "median_pnl": 0.6040268456375839,
    "total_pnl": 103.16033952762491,
    "expectancy": 0.8122861380127946,
    "profit_factor": 1.8290836390207368,
    "max_drawdown_pct": -18.10751904574147,
    "avg_winner": 2.2533393931455,
    "avg_loser": -4.785651506925794,
    "best_trade": 19.75609756097561,
    "worst_trade": -12.500000000000004,
    "avg_minutes_held": 63.25984251968504,
    "avg_credit": 0.09299212598425198,
    "avg_pnl_dollar": 0.02688188976377953,
    "avg_pnl_on_risk": 0.8122861380127946,
    "sharpe": 0.17571236930841497,
    "sortino": 0.20071171474377533,
    "short_delta": 0.25,
    "long_delta": 0.1,
    "spread_pair": "0.25/0.10",
    "profit_target": 0.9,
    "stop_loss": 3.0,
    "time_exit": "EOD",
    "spread_type": "bull_put_spread",
    "direction": "below",
    "atr_mult": 0.5,
    "score": 1.980177836572527
  },
  "below_0.6x": {
    "n_trades": 78.0,
    "win_rate": 67.94871794871796,
    "avg_pnl": 0.23792352502766684,
    "median_pnl": 0.6040268456375839,
    "total_pnl": 18.558034952158014,
    "expectancy": 0.23792352502766684,
    "profit_factor": 1.1503605124895033,
    "max_drawdown_pct": -29.321804730583025,
    "avg_winner": 2.6788986726532698,
    "avg_loser": -4.9369437879386115,
    "best_trade": 19.75609756097561,
    "worst_trade": -12.500000000000004,
    "avg_minutes_held": 65.42307692307692,
    "avg_credit": 0.09910256410256411,
    "avg_pnl_dollar": -0.0028076923076923057,
    "avg_pnl_on_risk": 0.23792352502766684,
    "sharpe": 0.042923731131670834,
    "sortino": 0.058677798291466736,
    "short_delta": 0.25,
    "long_delta": 0.1,
    "spread_pair": "0.25/0.10",
    "profit_target": 0.9,
    "stop_loss": 3.0,
    "time_exit": "EOD",
    "spread_type": "bull_put_spread",
    "direction": "below",
    "atr_mult": 0.6,
    "score": 0.37909212884546883
  },
  "below_0.7x": {
    "n_trades": 42.0,
    "win_rate": 54.761904761904766,
    "avg_pnl": 0.34082387200983894,
    "median_pnl": 0.25350537855518007,
    "total_pnl": 14.314602624413235,
    "expectancy": 0.34082387200983894,
    "profit_factor": 1.438936051794822,
    "max_drawdown_pct": -14.856841734603153,
    "avg_winner": 2.0402890619319347,
    "avg_loser": -1.9183556352953681,
    "best_trade": 8.479532163742688,
    "worst_trade": -7.692307692307694,
    "avg_minutes_held": 9.80952380952381,
    "avg_credit": 0.0688095238095238,
    "avg_pnl_dollar": 0.003809523809523808,
    "avg_pnl_on_risk": 0.34082387200983894,
    "sharpe": 0.1147234141196078,
    "sortino": 0.1935107269984238,
    "short_delta": 0.2,
    "long_delta": 0.1,
    "spread_pair": "0.20/0.10",
    "profit_target": 0.5,
    "stop_loss": 3.0,
    "time_exit": 15,
    "spread_type": "bull_put_spread",
    "direction": "below",
    "atr_mult": 0.7,
    "score": 0.7434926989452413
  }
}